-- phpMyAdmin SQL Dump
-- version 5.1.1deb5ubuntu1.1
-- https://www.phpmyadmin.net/
--
-- Host: localhost
-- Generation Time: Jan 13, 2024 at 12:57 AM
-- Server version: 8.0.35-0ubuntu0.22.04.1
-- PHP Version: 8.2.14

SET SQL_MODE = "NO_AUTO_VALUE_ON_ZERO";
START TRANSACTION;
SET time_zone = "+00:00";


/*!40101 SET @OLD_CHARACTER_SET_CLIENT=@@CHARACTER_SET_CLIENT */;
/*!40101 SET @OLD_CHARACTER_SET_RESULTS=@@CHARACTER_SET_RESULTS */;
/*!40101 SET @OLD_COLLATION_CONNECTION=@@COLLATION_CONNECTION */;
/*!40101 SET NAMES utf8mb4 */;

--
-- Database: `news`
--

-- --------------------------------------------------------

--
-- Table structure for table `categories`
--

CREATE TABLE `categories` (
  `id` int NOT NULL,
  `name` varchar(255) NOT NULL
) ENGINE=InnoDB DEFAULT CHARSET=utf8mb4 COLLATE=utf8mb4_0900_ai_ci;

--
-- Dumping data for table `categories`
--

INSERT INTO `categories` (`id`, `name`) VALUES
(22, 'اخبار الحوادث'),
(25, 'الرياضة'),
(26, 'شسي'),
(23, 'قسم الاقتصاد');

-- --------------------------------------------------------

--
-- Table structure for table `comments`
--

CREATE TABLE `comments` (
  `id` int NOT NULL,
  `user_id` int NOT NULL,
  `news_id` int NOT NULL,
  `comment` text NOT NULL,
  `datetime` datetime NOT NULL
) ENGINE=InnoDB DEFAULT CHARSET=utf8mb3;

--
-- Dumping data for table `comments`
--

INSERT INTO `comments` (`id`, `user_id`, `news_id`, `comment`, `datetime`) VALUES
(1, 10, 8, 'وفي ذات السياق أصدر مجلس إدارة الهيئة قرار رقم 250 لسنة 2023 بتعديل قرار مجلس إدارة الهيئة رقم 166 لسنة 2020 بشأن تحديد المقصود بمصطلح المؤسسات المالية الواردة بقرارات مجلس إدارة الهيئة، ونص على أن يتضمن مصطلح المؤسسات المالية، الأشخاص الاعتبارية الأجنبية التي تمارس إحدى الأنشطة المالية المصرفية أو غير المصرفية الخاضعة لإشراف ورقابة جهة تمارس اختصاصات مثيلة للبنك المركزي المصري أو الهيئة بحسب الأحوال، والمؤسسات المالية العربية والإقليمية والدولية التي توافق عليها الهيئة.', '2024-01-10 14:28:46'),
(2, 13, 8, ' الأشخاص الاعتبارية الأجنبية التي تمارس إحدى الأنشطة المالية المصرفية أو غير المصرفية الخاضعة لإشراف ورقابة جهة تمارس اختصاصات مثيلة للبنك المركزي المصري أو الهيئة بحسب الأحوال، والمؤسسات المالية العربية والإقليمية والدولية التي توافق عليها الهيئة.', '2024-01-10 14:28:46'),
(3, 1, 8, 'هلا والله', '2024-01-13 00:33:12'),
(4, 1, 8, 'بيلابلا', '2024-01-13 00:34:18'),
(6, 13, 8, 'شسيشسيشسي', '2024-01-13 00:41:56'),
(7, 15, 12, 'القوس', '2024-01-13 00:48:46');

-- --------------------------------------------------------

--
-- Table structure for table `news`
--

CREATE TABLE `news` (
  `id` int NOT NULL,
  `user_id` int NOT NULL,
  `category_id` int NOT NULL,
  `title` varchar(255) NOT NULL,
  `image` varchar(255) DEFAULT NULL,
  `description` text NOT NULL,
  `content` text NOT NULL,
  `datetime` datetime NOT NULL
) ENGINE=InnoDB DEFAULT CHARSET=utf8mb4 COLLATE=utf8mb4_0900_ai_ci;

--
-- Dumping data for table `news`
--

INSERT INTO `news` (`id`, `user_id`, `category_id`, `title`, `image`, `description`, `content`, `datetime`) VALUES
(8, 1, 23, ' الأرقام القياسية فى أمم أفريقيا.. مصر الأكثر تتويجًا بـ7 ألقاب', 'c96d603549370e8587402c1f79584730.jpg', ' يستحوذ منتخب مصر على العديد من الأرقام القياسية فى تاريخ مشاركاته ببطولة كأس أمم أفريقيا \"ماما أفريكا\"، كما يطلق عليها، وذلك قبل النسخة 34، التى تقام فى كوت ديفوار خلال الفترة من 13 يناير حتى 11 فبراير.', '<div>\r\n<p class=\"selectionShareable\">يستحوذ منتخب مصر على العديد من الأرقام القياسية فى تاريخ مشاركاته ببطولة كأس أمم أفريقيا \"ماما أفريكا\"، كما يطلق عليها، وذلك قبل النسخة 34، التى تقام فى كوت ديفوار خلال الفترة من 13 يناير حتى 11 فبراير.</p>\r\n<h2 class=\"coloredquoute\">مصر الأكثر تتويجًا بـ7 ألقاب</h2>\r\n<p class=\"selectionShareable\">يتربع منتخب مصر على عرش صدارة قائمة الأكثر تتويجًا بـ7 ألقاب، أعوام 1957 و1959 و1986 و1998 و2006 و2008 و2010، بينما يحتل منتخب الكاميرون المركز الثانى بـ5 بطولات، ثم غانا بـ4 ألقاب.</p>\r\n<p class=\"selectionShareable\">ويعد المنتخب الوطنى الأكثر مشاركة فى النهائيات بـ25 مرة، حيث غاب عن 3 نسخ فقط، كما أنه الأكثر وصولا إلى المباراة النهائية 10 مرات.<br>&nbsp;</p>\r\n<h2 class=\"coloredquoute\">البحث عن النجمة الثامنة فى \"كان 2023\"<br>&nbsp;</h2>\r\n<p class=\"selectionShareable\">يستهدف منتخب مصر، بقيادة البرتغالى روى فيتوريا، العودة مجددا لمنصة التتويج بلقب أمم أفريقيا بعد غياب 14 عامًا، وإضافة النجمة الثامنة إلى دولاب بطولات الفراعنة عبر التاريخ، إذ يخطط خلال نسخة \"كان 2023\" لكسر النحس الذى لازم كتيبة الفراعنة، بعدما خسروا نهائيين سابقين للبطولة فى نسختى 2017 و2021، على يد الكاميرون والسنغال.</p>\r\n<p class=\"selectionShareable\">&nbsp;</p>\r\n<h2 class=\"coloredquoute\">مواعيد مباريات مصر فى دور المجموعات<br>&nbsp;</h2>\r\nيفتتح منتخب مصر مشواره فى المجموعة الثانية بالبطولة يوم 14 يناير بمواجهة موزمبيق، ثم يلاقى غانا 18 يناير، ويختتم دور المجموعات بمواجهة الرأس الأخضر يوم 22، ويتأهل أول منتخبين من كل مجموعة إلى دور الـ16، إلى جانب أفضل 4 منتخبات بالمركز الثالث فى المجموعات الـ6\r\n<h2 class=\"coloredquoute\">ثلاثية تاريخية فى عهد حسن شحاتة</h2>\r\n<p class=\"selectionShareable\">كما يعد المنتخب المصرى هو الوحيد الذى فاز باللقب الأفريقى ثلاث مرات متتالية فى فترة الجيل الذهبى تحت قيادة المعلم حسن شحاتة، وذلك أعوام 2006، 2008، و2010.</p>\r\n<p class=\"selectionShareable\">تهيمن مصر على الكثير من الأرقام الأخرى، ومنها أنها الدولة الأكثر استضافة لنهائيات البطولة على أرضها بـ5 مرات، أعوام 1959 و1974 و1986 و2006 و2019، تليها غانا بـ4 مرات.</p>\r\n<p class=\"selectionShareable\"><img src=\"https://img.youm7.com/large/202306190544374437.jpg\"></p>\r\n</div>\r\n<div>\r\n<h2 class=\"coloredquoute\">مصر الأكثر خوضًا للمباريات والفوز&nbsp;</h2>\r\nخاض منتخب الفراعنة مصر أكبر عدد من المباريات فى تاريخ البطولة بـ107 مباريات، ويتصدر الأكثر تحقيقا للفوز فى البطولة بـ60 فوزا، والأكثر إحرازا للأهداف بـ168 هدفا.</div>\r\n<div>&nbsp;</div>\r\n<div>الفترة الأطول بدون خسارة كانت من نصيب المنتخب المصرى، الذى خاض 25 مباراة دون هزيمة، تحديدا منذ الخسارة أمام الجزائر بهدفين مقابل هدف وحيد فى عام 2004 وحتى الخسارة فى المباراة النهائية لبطولة 2017 أمام الكاميرون بنفس النتيجة.\r\n<h2 class=\"coloredquoute\">الديبة صاحب أول هاتريك.. ورقم مميز للشاذلي</h2>\r\n<p class=\"selectionShareable\">أما على جانب الأرقام المسجلة بأسماء نجوم المنتخب الوطنى، فإن محمد دياب العطار، الشهير بـ&laquo;الديبة&raquo;، هو أول لاعب يسجل ثلاثة أهداف \"هاتريك\" فى مباراة واحدة فى بطولة 1957، ويعد حسن الشاذلى اللاعب الوحيد الذى سجل ثلاثة أهداف فى مباراة واحدة فى نسختين مختلفتين خلال بطولتى 1963 و1970.</p>\r\n<p class=\"selectionShareable\"><img src=\"https://img.youm7.com/large/202002160212461246.jpg\"></p>\r\n<h2 class=\"coloredquoute\">أحمد حسن والحضري الأكثر حصولا على اللقب</h2>\r\n<p class=\"selectionShareable\">فى حين يعد الثنائى أحمد حسن وعصام الحضرى الأكثر حصولا على لقب البطولة بـ4 مرات، أعوام 1998 و2006 و2008 و2010.</p>\r\n<p class=\"selectionShareable\"><img src=\"https://img.youm7.com/large/20190911030916916.jpg\"></p>\r\n<h2 class=\"coloredquoute\">الحضري أكبر لاعب يشارك فى تاريخ البطولة</h2>\r\n<p class=\"selectionShareable\">كما يعتبر الحضرى هو أكبر لاعب يشارك فى مباريات البطولة عبر تاريخها، بعمر 44 عاما و21 يوما، عندما شارك فى المباراة النهائية لكأس الأمم الأفريقية عام 2017 أمام الكاميرون، ويعتبر أحمد حسن ومعه الكاميرونى سونج هما الأكثر مشاركة فى نهائيات المسابقة، بـ8 مسابقات لكل منهما.</p>\r\n<p class=\"selectionShareable\"><img src=\"https://img.youm7.com/large/20190117020312312.jpg\"></p>\r\n<h2 class=\"coloredquoute\">الجوهري أول من يفوز باللقب لاعبًا ومدربًا</h2>\r\n<p class=\"selectionShareable\">بينما كان \"الجنرال\" محمود الجوهرى أول من يفوز باللقب الأفريقى لاعبا ومدربا، إذ قاد منتخب مصر للفوز بالبطولة كلاعب عام 1959، ثم كمدير فنى عام 1998، ولا يشاركه هذا الإنجاز سوى النيجيرى ستيفن كيشى، الذى قاد النسور للفوز باللقب كلاعب عام 1994 ثم كمدير فنى عام 2013.</p>\r\n<p class=\"selectionShareable\"><img src=\"https://img.youm7.com/large/202109030750175017.jpg\"></p>\r\n<h2 class=\"coloredquoute\">حسام حسن أكبر لاعب يسجل فى تاريخ المسابقة</h2>\r\n<p class=\"selectionShareable\">يمتلك حسام حسن رقما خاصا، حيث إنه أكبر لاعب يسجل هدفا فى تاريخ المسابقة، بعمر 39 عاما و174 يوما، فى بطولة عام 2006 فى المباراة التى انتهت بفوز مصر على جمهورية الكونغو الديمقراطية بـ4 أهداف مقابل هدف، أما أسرع هدف فى تاريخ البطولة فهو مسجل باسم أيمن منصور، الذى أحرز هدفا بعد 23 ثانية فقط فى مرمى الجابون عام 1994.</p>\r\n<p class=\"selectionShareable\"><img src=\"https://img.youm7.com/large/202401091253205320.jpg\"></p>\r\n<h2 class=\"coloredquoute\">مسيرة منتخب مصر فى كأس أمم أفريقيا</h2>\r\n<p class=\"selectionShareable\">نستعرض بالأرقام مسيرة منتخب مصر فى تاريخ كأس أمم أفريقيا:</p>\r\n<p class=\"selectionShareable\">25 مشاركة</p>\r\n</div>\r\n<div>ألقاب 7</div>\r\n<div>&nbsp;</div>\r\n<div>107 مباريات</div>\r\n<div>&nbsp;</div>\r\n<div>60 فوزاً</div>\r\n<div>&nbsp;</div>\r\n<div>20 تعادلا</div>\r\n<div>&nbsp;</div>\r\n<div>27 خسارة</div>\r\n<div>&nbsp;</div>\r\n<div>168 هدفا</div>', '2024-01-12 19:04:06'),
(9, 1, 23, ' 20.2 مليار جنيه استثمارات صناديق التأمين الخاصة فى مصر خلال 10 شهور ', '226290dda9af0e83fc156c6c6378a7c2.jpg', 'ارتفع إجمالي استثمارات صناديق التأمين الخاصة في مصر إلى 20.2 مليار جنيه خلال الفترة من يناير إلى أكتوبر من عام 2023 مقابل 16.6 مليار جنيه خلال الفترة المماثلة من العام الماضي، بنسبة نمو 22%، ', '<div>ارتفع إجمالي استثمارات <a href=\"https://www.youm7.com/story/2023/12/29/6-4-%D9%85%D9%84%D9%8A%D8%A7%D8%B1-%D8%AC%D9%86%D9%8A%D9%87-%D8%A7%D8%B3%D8%AA%D8%AB%D9%85%D8%A7%D8%B1%D8%A7%D8%AA-%D8%B5%D9%86%D8%A7%D8%AF%D9%8A%D9%82-%D8%A7%D9%84%D8%AA%D8%A3%D9%85%D9%8A%D9%86-%D8%AE%D9%84%D8%A7%D9%84-%D8%A7%D9%84%D8%B1%D8%A8%D8%B9-%D8%A7%D9%84%D8%AB%D8%A7%D9%84%D8%AB/6430695\">صناديق التأمين الخاصة</a> في مصر إلى 20.2 مليار جنيه خلال الفترة من يناير إلى أكتوبر من عام 2023 مقابل 16.6 مليار جنيه خلال الفترة المماثلة من العام الماضي، بنسبة نمو 22%، وبلغ حجم استثمارات صناديق التأمين خلال شهر أكتوبر وحده 2.3 مليار جنيه مقارنة مع 1.8 مليار جنيه بنسبة نمو 27.2%، وفقًا لتقرير الهيئة العامة للرقابة المالية.</div>\r\n<div>&nbsp;</div>\r\n<div>وبلغت قيمة الأقساط المحصلة لتأمينات الممتلكات والمسئوليات ل<a href=\"https://www.youm7.com/story/2024/1/9/%D8%B4%D8%B1%D9%83%D8%A7%D8%AA-%D8%A7%D9%84%D8%AA%D8%A3%D9%85%D9%8A%D9%86-%D8%AA%D8%B5%D8%B1%D9%81-28-%D9%85%D9%84%D9%8A%D8%A7%D8%B1-%D8%AC%D9%86%D9%8A%D9%87-%D8%AA%D8%B9%D9%88%D9%8A%D8%B6%D8%A7%D8%AA-%D9%84%D9%84%D8%B9%D9%85%D9%84%D8%A7%D8%A1-%D8%AE%D9%84%D8%A7%D9%84-10%D8%B4%D9%87%D9%88%D8%B1/6441743\">شركات التأمين</a> خلال الفترة من يناير إلى أكتوبر من عام 2023 وبلغت 61.3 مليار جنيه، مقابل 47.1 مليار جنيه خلال نفس الفترة من عام 2022 بنسبة نمو 30.3%.</div>\r\n<div>&nbsp;</div>\r\n<div>وبلغت الأقساط المحصلة لتأمينات الممتلكات والمسئوليات 30.9 مليار جنيه خلال الفترة من يناير إلى أكتوبر من عام 2023، مقابل 19.4 مليار جنيه خلال الفترة نفسها من عام 2022 بنسبة نمو 58.9%، وبلغت قيمة الأقساط المحصلة للأشخاص وتكوين الأموال 30.4 مليار جنيه خلال الفترة من يناير إلى أكتوبر من عام 2023، مقابل 27.6 مليار جنيه خلال الفترة المماثلة من العام الماضي بنسبة نمو 10.2%.</div>\r\n<div>&nbsp;</div>\r\n<div>وبلغ إجمالي التعويضات المسددة من شركات التأمين 28 مليار جنيه خلال الفترة من يناير إلى أكتوبر من عام 2023 مقابل 21.9 مليار جنيه خلال نفس الفترة من عام 2022 بنسبة نمو 28%.</div>\r\n<div>&nbsp;</div>\r\n<div>وبلغت التعويضات المسددة لتأمينات الممتلكات والمسئوليات 12.5 مليار جنيه خلال الفترة من يناير إلى أكتوبر من عام 2023، مقابل 8.4 مليار جنيه خلال الفترة المماثلة من عام 2022 بنسبة نمو 49.1%، وبلغت قيمة التعويضات المسددة للأشخاص وتكوين الأموال 15.5 مليار جنيه خلال الفترة من يناير إلى أكتوبر من عام 2023، مقابل 13.5 مليار جنيه خلال الفترة المماثلة من العام الماضي بنسبة نمو 14.9%.</div>', '2024-01-12 19:08:05'),
(10, 1, 22, ' سارة حسنى تتأهل للدور الرئيسى فى بطولة كأس العالم لسلاح الشيش ', '6b4de4f62f9687214224b936c16b5250.jpg', ' تأهلت سارة حسنى لاعبة المنتخب الوطنى لسلاح الشيش صاحبة الـ14 عاما إلى الدور الرئيسى ببطولة كأس العالم للكبار المقامة فى فرنسا فى إنجاز تاريخى. ', '<div><strong>تأهلت سارة حسنى لاعبة المنتخب الوطنى ل<a href=\"https://www.youm7.com/story/2024/1/5/%D8%B9%D9%84%D8%A7%D8%A1-%D8%A3%D8%A8%D9%88-%D8%A7%D9%84%D9%82%D8%A7%D8%B3%D9%85-%D9%8A%D8%B9%D9%84%D9%86-%D8%A7%D9%84%D8%AA%D9%82%D8%AF%D9%85-%D8%A8%D8%B7%D9%84%D8%A8-%D8%A7%D8%B9%D8%AA%D8%B2%D8%A7%D9%84-%D8%A7%D9%84%D8%B3%D9%84%D8%A7%D8%AD/6437832\">سلاح الشيش</a>&nbsp;صاحبة الـ14 عاما إلى الدور الرئيسى ببطولة كأس العالم للكبار المقامة فى فرنسا فى إنجاز تاريخى.&nbsp;</strong></div>\r\n<div>&nbsp;</div>\r\n<div><strong>فيما يشارك منتخب مصر لسلاح السيف فى&nbsp; منافسات بطولة الجائزة الكبرى للكبار، المقامة في تونس بمشاركة 7 لاعبين مصريين.</strong></div>\r\n<div>&nbsp;</div>\r\n<div><strong>وتضم قائمة منتخب مصر ل<a href=\"https://www.youm7.com/story/2024/1/5/%D8%B9%D9%84%D8%A7%D8%A1-%D8%A3%D8%A8%D9%88-%D8%A7%D9%84%D9%82%D8%A7%D8%B3%D9%85-%D9%8A%D8%B9%D9%84%D9%86-%D8%A7%D9%84%D8%AA%D9%82%D8%AF%D9%85-%D8%A8%D8%B7%D9%84%D8%A8-%D8%A7%D8%B9%D8%AA%D8%B2%D8%A7%D9%84-%D8%A7%D9%84%D8%B3%D9%84%D8%A7%D8%AD/6437832\">سلاح السيف</a> كلا من: \"زياد السيسي ومحمد عامر وأدهم معتز ومدحت معتز ومازن العربي وأحمد هشام، بالإضافة إلى ندى حافظ\"، ك. فينسيت انيستيت المدير الفني، ود. يوسف حسن اخصائي علاج طبيعي، ويترأس البعثة، خالد كابش عضو مجلس إدارة الاتحاد المصري للسلاح.</strong></div>\r\n<p>&nbsp;</p>', '2024-01-12 19:09:18'),
(11, 1, 25, ' مازن هشام يتأهل لنصف نهائى بطولة فلوريدا المفتوحة للاسكواش ', '8475a8d99e2502e21ff56538ffdf5d3d.jpg', ' تأهل مازن هشام، لاعب وادي دجلة، إلى الدور نصف النهائي لبطولة فلوريدا المفتوحة للاسكواش، ليواصل تحقيق أداء قوي في كبرى البطولات العالمية، ويقترب خطوة جديدة من المنافسة على اللقب', '<p>&nbsp;تأهل مازن هشام، لاعب وادي دجلة، إلى الدور نصف النهائي لبطولة فلوريدا المفتوحة للاسكواش، ليواصل تحقيق أداء قوي في كبرى البطولات العالمية، ويقترب خطوة جديدة من المنافسة على اللقب.<br>&nbsp;<br>واستطاع مازن هشام-المصنف السابع عالميًا- التأهل لنصف نهائي بطولة فلوريدا المفتوحة، بعد تغلبه على اللاعب جويل ماكين - المصنف الـ10 عالميًا- بنتيجة (3-0) بواقع نقاط (11-8) (11-5) (11-8).<br>&nbsp;<br>وتعد بطولة فلوريدا المفتوحة للإسكواش، إحدى البطولات الذهبية في لعبة الاسكواش، وأول بطولة اسكواش في العام الجديد 2024، ويشارك في البطولة 48 لاعبا ولاعبة من مختلف أنحاء العالم.<br>&nbsp;<br>وكان 8 لاعبين مصريين قد تأهلوا إلى ربع النهائي بوصول كل من، نور الشربيني، نوران جوهر، هانيا الحمامي، فريدة محمد، أمينة عرفي، مصطفى عسل، طارق مؤمن، ومازن هشام إلى هذا الدور.</p>', '2024-01-12 19:52:32'),
(12, 1, 25, ' القوس لا يزال مفتوحا.. أبو علي وعمر كمال ليسا آخر صفقتين للأهلي فى الميركاتو ', '3215e962ff3b4ed9eaae59f377294e02.jpg', 'رغم حسم مسئولى النادي الأهلي صفقة وسام أبو علي لتدعيم خط الهجوم، وصفقة عمر كمال عبد الواحد لاعب مودرن فيوتشر، ولكن لا يزال مسئولو النادي الأهلي يفكرون فى إبرام صفقة ثالثة خلال الميركاتو الشتوي الحالي.', '<p class=\"selectionShareable\" dir=\"RTL\">رغم حسم مسئولى النادي <a href=\"https://www.youm7.com/story/2023/7/4/%D8%AD%D9%85%D8%AF%D9%89-%D9%81%D8%AA%D8%AD%D9%89-%D9%84%D9%84%D9%88%D9%83%D8%B1%D8%A9-%D8%A7%D9%84%D9%82%D8%B7%D8%B1%D9%8A-%D8%AA%D8%B9%D8%B1%D9%81-%D8%B9%D9%84%D9%89-%D8%A3%D8%B1%D9%82%D8%A7%D9%85-%D8%A3%D9%86%D8%AC%D8%AD-%D8%B5%D9%81%D9%82%D8%A7%D8%AA-%D8%A7%D9%84%D8%A3%D9%87%D9%84%D9%89/6231822\">الأهلي</a> صفقة وسام أبو علي لتدعيم خط الهجوم، وصفقة عمر كمال عبد الواحد لاعب مودرن فيوتشر، ولكن لا يزال مسئولو النادي الأهلي يفكرون فى إبرام صفقة ثالثة خلال الميركاتو الشتوي الحالي.</p>\r\n<p class=\"selectionShareable\" dir=\"RTL\">ويفكر الأهلي فى ضم مهاجم أجنبي تحت السن، إذا توافر لاعب جيد فى ظل تلقي الجهاز الفني ترشيحات لعدد كبير من اللاعبين الشباب، أبرزهم مسلم أناتوف لاعب مولودية الجزائر وأفضل لاعب فى البطولة العربية للناشئين.</p>\r\n<p class=\"selectionShareable\" dir=\"RTL\">كما يفكر الأهلي فى ضم لاعب مصرى، ويتردد أكثر من اسم أبرزهم مصطفى أشرف لاعب بوروسيا مونشجلادباخ الألماني.</p>\r\n<p class=\"selectionShareable\">وكشف مصدر داخل النادي الأهلي أن الأهلي قد لا يتوقف عند صفقتي عمر كمال ووسام أبو على خلال الميركاتو الشتوي وقد يبرم صفقة ثالثة أو أكثر وفقا للأسماء المطروحة وموقف المفاوضات مع اللاعبين المرشحين.</p>\r\n<p class=\"selectionShareable\">وأعلن الأهلي تعاقده مع وسام أبو علي فيما لم يعلن حتى الآن عن صفقة عمر كمال رغم الانتهاء من كافة إجراءات الصفقة، حيث تتبقى بعض الرتوش الأخيرة على الصفقة.</p>', '2024-01-12 19:53:05'),
(13, 1, 25, ' الراتب يعطل انتقال ناصر منسى من الزمالك للبنك الأهلى ', 'ba1a7edb7802aacc7db3a8b2e9b2bed4.jpg', 'يقف الراتب الذى يتقاضاه ناصر منسى مهاجم الزمالك فى القلعة البيضاء عائقاً أمام إنهاء إجراءات انتقاله إلى البنك الأهلى خلال الانتقالات الشتوية الجارية، خاصة أن الأخير لن يستطيع توفير نفس الراتب الذى يتقاضاه فى النادى الأبيض.', '<p class=\"selectionShareable\" dir=\"RTL\">يقف الراتب الذى يتقاضاه <a href=\"https://www.youm7.com/story/2024/1/10/%D9%86%D8%A7%D8%B5%D8%B1-%D9%85%D9%86%D8%B3%D9%89-%D9%8A%D8%AA%D9%85%D8%B3%D9%83-%D8%A8%D8%A7%D9%84%D8%A8%D9%82%D8%A7%D8%A1-%D9%81%D9%89-%D8%A7%D9%84%D8%B2%D9%85%D8%A7%D9%84%D9%83-%D9%81%D9%89-%D8%A7%D9%84%D9%85%D9%8A%D8%B1%D9%83%D8%A7%D8%AA%D9%88-%D8%A7%D9%84%D8%B4%D8%AA%D9%88%D9%89/6441456\">ناصر منسى مهاجم الزمالك</a> فى القلعة البيضاء عائقاً أمام إنهاء إجراءات انتقاله إلى البنك الأهلى خلال الانتقالات الشتوية الجارية، خاصة أن الأخير لن يستطيع توفير نفس الراتب الذى يتقاضاه فى النادى الأبيض.</p>\r\n<p class=\"selectionShareable\" dir=\"RTL\">ووافق مسئولو نادى البنك الأهلى على الحصول على خدمات ناصر منسي بعد استطلاع رأى الجهاز الفني بقيادة طارق مصطفى، إلا أن راتب اللاعب فى الزمالك جعل إدارة البنك تعيد التفكير مرة أخرى في الصفقة.</p>\r\n<p class=\"selectionShareable\" dir=\"RTL\">من جانبه تمسك تمسك ناصر منسي بالبقاء داخل القلعة البيضاء حيث أبلغ اللاعب مديره الفني معتمد جمال برغبته فى عدم الرحيل عن الفريق، خاصة أنه لم يحصل على فرصته بالشكل الأمثل<span dir=\"LTR\">.</span></p>\r\n<p class=\"selectionShareable\" dir=\"RTL\">من ناحية أخرى، يجهز فريق الكشافة بنادى الزمالك فى الفترة الحالية تقريرا كاملا عن المهاجم السنغالى أليو بادجى لاعب فريق بوردو الفرنسى ومهاجم الأهلى الأسبق، بعد عرضه على مسئولى القلعة البيضاء للتعاقد معه فى الميركاتو الشتوى<span dir=\"LTR\">.</span></p>\r\n<p class=\"selectionShareable\" dir=\"RTL\">وتتوافر رغبة من جانب نادى الزمالك للتعاقد مع السنغالى أليو بادجى صاحب الـ26 عامًا فى فترة الانتقالات الشتوية، حيث يمتلك اللاعب عقدًا مع بوردو حتى صيف 2026 بعدما أكد أحمد سليمان فى تصريحات تلفزيونية أن المهاجم السنغالى معروض على إدارة ناديه، مؤكدًا أن هناك تفكيرًا من جانب النادى لضم اللاعب<span dir=\"LTR\">.</span></p>\r\n<p class=\"selectionShareable\" dir=\"RTL\">ويقف المقابل المادى عقبة أمام نادى الزمالك للتعاقد مع أليو بادجى،حيث تخشى إدارة القلعة اليضاء من مغالاة نادى بوردو الفرنسى للتخلى عن اللاعب خاصة فى ظل الأزمة المالية التى يعانى منها النادى حالياً،بسبب الديون المتراكمة والتى تسببت فى إيقاف القيد</p>', '2024-01-12 19:54:03');

-- --------------------------------------------------------

--
-- Table structure for table `users`
--

CREATE TABLE `users` (
  `id` int NOT NULL,
  `type` enum('admin','user') NOT NULL,
  `name` varchar(255) NOT NULL,
  `email` varchar(255) NOT NULL,
  `password` varchar(100) NOT NULL,
  `datetime` datetime NOT NULL
) ENGINE=InnoDB DEFAULT CHARSET=utf8mb4 COLLATE=utf8mb4_0900_ai_ci;

--
-- Dumping data for table `users`
--

INSERT INTO `users` (`id`, `type`, `name`, `email`, `password`, `datetime`) VALUES
(1, 'admin', 'Admin', 'admin@gmail.com', '123123', '2024-01-10 14:21:00'),
(10, 'user', 'حسونة', 'aliss22@dfsdf.com', '123123', '2024-01-10 21:24:10'),
(13, 'user', 'ali', 'ali@gmail.com', '123123', '2024-01-13 00:06:13'),
(15, 'user', 'medo', 'medo@gmail.com', '123123', '2024-01-13 00:48:26');

--
-- Indexes for dumped tables
--

--
-- Indexes for table `categories`
--
ALTER TABLE `categories`
  ADD PRIMARY KEY (`id`),
  ADD UNIQUE KEY `category_name` (`name`);

--
-- Indexes for table `comments`
--
ALTER TABLE `comments`
  ADD PRIMARY KEY (`id`),
  ADD KEY `user_id` (`user_id`),
  ADD KEY `news_id` (`news_id`);

--
-- Indexes for table `news`
--
ALTER TABLE `news`
  ADD PRIMARY KEY (`id`),
  ADD UNIQUE KEY `title` (`title`),
  ADD KEY `category_id` (`category_id`),
  ADD KEY `user_id` (`user_id`);

--
-- Indexes for table `users`
--
ALTER TABLE `users`
  ADD PRIMARY KEY (`id`),
  ADD UNIQUE KEY `email` (`email`);

--
-- AUTO_INCREMENT for dumped tables
--

--
-- AUTO_INCREMENT for table `categories`
--
ALTER TABLE `categories`
  MODIFY `id` int NOT NULL AUTO_INCREMENT, AUTO_INCREMENT=27;

--
-- AUTO_INCREMENT for table `comments`
--
ALTER TABLE `comments`
  MODIFY `id` int NOT NULL AUTO_INCREMENT, AUTO_INCREMENT=8;

--
-- AUTO_INCREMENT for table `news`
--
ALTER TABLE `news`
  MODIFY `id` int NOT NULL AUTO_INCREMENT, AUTO_INCREMENT=14;

--
-- AUTO_INCREMENT for table `users`
--
ALTER TABLE `users`
  MODIFY `id` int NOT NULL AUTO_INCREMENT, AUTO_INCREMENT=16;
COMMIT;

/*!40101 SET CHARACTER_SET_CLIENT=@OLD_CHARACTER_SET_CLIENT */;
/*!40101 SET CHARACTER_SET_RESULTS=@OLD_CHARACTER_SET_RESULTS */;
/*!40101 SET COLLATION_CONNECTION=@OLD_COLLATION_CONNECTION */;
